{
 "train_auc": 0.7640348597827208,
 "val_auc": 0.7767087143811349
}