{
 "train_auc": 0.5728198631240573,
 "val_auc": 0.5609717721969518
}