{
 "train_auc": 0.6996857569250193,
 "val_auc": 0.703126926557833
}