{
 "train_auc": 0.6888562358851638,
 "val_auc": 0.6954176546719264
}