{
 "train_auc": 0.96088938194516,
 "val_auc": 0.9676248814882974
}