{
 "test_auc": 0.7789331378835582,
 "train_auc": 0.7796649682639049,
 "val_auc": 0.7762541690536762
}