{
 "train_auc": 0.7756965720485078,
 "val_auc": 0.7688649506324943
}