{
 "train_auc": 0.773570338439107,
 "val_auc": 0.788374026428634
}