{
 "train_auc": 0.8058561709073908,
 "val_auc": 0.8233387881568539
}