{
 "train_auc": 0.7873855608604226,
 "val_auc": 0.7830753502517848
}