{
 "nlst_auc": 0.5718220338983051,
 "test_auc": 0.577174113977066,
 "train_auc": 0.5917418068575323,
 "val_auc": 0.597424168586759
}