{
 "train_auc": 0.740337971055836,
 "val_auc": 0.7520779214969534
}