{
 "train_auc": 0.720294329236564,
 "val_auc": 0.7298089050343466
}