{
 "train_auc": 0.8179304272948906,
 "val_auc": 0.8373509184988974
}