{
 "train_auc": 0.791330828255294,
 "val_auc": 0.8086041243610295
}