{
 "train_auc": 0.7936078586125925,
 "val_auc": 0.8055062193655461
}