{
 "train_auc": 0.8042274708062263,
 "val_auc": 0.8238035036127371
}