{
 "train_auc": 0.7773300876143384,
 "val_auc": 0.7944893491145767
}