{
 "train_auc": 0.7883131125673879,
 "val_auc": 0.8051320914453214
}