{
 "train_auc": 0.7436645414180474,
 "val_auc": 0.7519077902764346
}