{
 "train_auc": 0.7714799221323274,
 "val_auc": 0.7863362262630601
}