{
 "train_auc": 0.7792231828014929,
 "val_auc": 0.7814364960405699
}