{
 "train_auc": 0.7696269208723927,
 "val_auc": 0.7864574989284667
}