{
 "train_auc": 0.7925504120195765,
 "val_auc": 0.7936416774964717
}