{
 "train_auc": 0.7078138930930741,
 "val_auc": 0.7154054169668778
}