{
 "train_auc": 0.6345781658834996,
 "val_auc": 0.6346922721842304
}