{
 "train_auc": 0.7380772770615255,
 "val_auc": 0.7460370050083165
}