{
 "train_auc": 0.681515357734336,
 "val_auc": 0.6931151515761532
}