{
 "train_auc": 0.7366011933722671,
 "val_auc": 0.7541670965380743
}