{
 "train_auc": 0.8106453370831463,
 "val_auc": 0.8128671125436908
}