{
 "train_auc": 0.7569041820856808,
 "val_auc": 0.7677438684959756
}