{
 "train_auc": 0.8295498625165416,
 "val_auc": 0.8466199945144214
}