{
 "train_auc": 0.7808976991000842,
 "val_auc": 0.794496199097983
}