{
 "train_auc": 0.9601873980099895,
 "val_auc": 0.9669760902028183
}