{
 "train_auc": 0.8095281889206287,
 "val_auc": 0.8041266653721009
}