{
 "train_auc": 0.7067560190284502,
 "val_auc": 0.7115931565590269
}