{
 "train_auc": 0.5906168647414957,
 "val_auc": 0.588492188434695
}