{
 "train_auc": 0.8046680602549982,
 "val_auc": 0.8180964888662606
}