{
 "train_auc": 0.7914239672892383,
 "val_auc": 0.8132130797777026
}