{
 "train_auc": 0.7953670995876816,
 "val_auc": 0.8119934681913331
}