{
 "train_auc": 0.7679449973655073,
 "val_auc": 0.7626960630578483
}