{
 "train_auc": 0.4373927240742649,
 "val_auc": 0.42400949938923316
}