{
 "train_auc": 0.8701971282022847,
 "val_auc": 0.8743149560585509
}