{
 "train_auc": 0.7694179366113496,
 "val_auc": 0.7655212161560443
}