{
 "train_auc": 0.7562380932239957,
 "val_auc": 0.7649454569765874
}