{
 "train_auc": 0.7806477195707241,
 "val_auc": 0.7909041866259806
}