{
 "train_auc": 0.723747761568553,
 "val_auc": 0.7315239172063476
}