{
 "test_auc": 0.9085876106024282,
 "train_auc": 0.9021346582459698,
 "val_auc": 0.9122230544719068
}