{
 "train_auc": 0.6683461783296486,
 "val_auc": 0.6750395831183976
}