{
 "train_auc": 0.8067564670052907,
 "val_auc": 0.8245171949961011
}