{
 "train_auc": 0.7787941109561269,
 "val_auc": 0.777023495271437
}