{
 "train_auc": 0.7846352818741069,
 "val_auc": 0.8013498521382154
}