{
 "nlst_auc": 0.5703389830508474,
 "test_auc": 0.576934230669247,
 "train_auc": 0.5858002266297931,
 "val_auc": 0.5903521897998995
}