{
 "train_auc": 0.8191474113225089,
 "val_auc": 0.8385664410645601
}