{
 "train_auc": 0.7693342414721381,
 "val_auc": 0.7718431041135
}