{
 "train_auc": 0.8123075572445556,
 "val_auc": 0.8123149658055469
}