{
 "train_auc": 0.8041194942159718,
 "val_auc": 0.8053845083577402
}