{
 "train_auc": 0.8211112703772911,
 "val_auc": 0.8178985531270664
}