{
 "train_auc": 0.7552813521716047,
 "val_auc": 0.7686989518966206
}