{
 "train_auc": 0.7660397928107113,
 "val_auc": 0.7801079836975988
}