{
 "train_auc": 0.7911246595930701,
 "val_auc": 0.8025371010478798
}