{
 "train_auc": 0.7648608593442527,
 "val_auc": 0.7702820319902612
}