{
 "train_auc": 0.7757056079923796,
 "val_auc": 0.7739239505042046
}