{
 "train_auc": 0.7822696577573159,
 "val_auc": 0.7921746139055781
}