{
 "train_auc": 0.8006084497518431,
 "val_auc": 0.8205548290845264
}