{
 "test_auc": 0.9939554509305528,
 "train_auc": 0.996033520078396,
 "val_auc": 0.9954841134905251
}