{
 "test_auc": 0.5717132665145432,
 "train_auc": 0.5662718870760266,
 "val_auc": 0.5785184939766279
}