{
 "train_auc": 0.7763462818714655,
 "val_auc": 0.7948938825733904
}