{
 "test_auc": 0.927850918999066,
 "train_auc": 0.9281995145156647,
 "val_auc": 0.9290568187950123
}