{
 "train_auc": 0.7209522297149167,
 "val_auc": 0.7345181288305735
}