{
 "train_auc": 0.7857250501447283,
 "val_auc": 0.7840164158634146
}