{
 "train_auc": 0.7210944665879537,
 "val_auc": 0.7288575262165641
}