{
 "train_auc": 0.8010965268588001,
 "val_auc": 0.8136177180832014
}