{
 "train_auc": 0.7794402149020976,
 "val_auc": 0.7879142737158309
}