{
 "train_auc": 0.7605551827697964,
 "val_auc": 0.77407286872552
}