{
 "nlst_auc": 0.5684322033898306,
 "test_auc": 0.5954399545555202,
 "train_auc": 0.601423757035957,
 "val_auc": 0.611365632263254
}