{
 "train_auc": 0.6390441019464277,
 "val_auc": 0.6429047033104431
}