{
 "train_auc": 0.7421446103402272,
 "val_auc": 0.7409817119582807
}