{
 "train_auc": 0.7792773974938071,
 "val_auc": 0.7763304975752288
}