{
 "train_auc": 0.7983244398308464,
 "val_auc": 0.8155433672449451
}