{
 "train_auc": 0.6538561714519214,
 "val_auc": 0.6393902471419508
}