{
 "train_auc": 0.7933597555145262,
 "val_auc": 0.8049052381683313
}