{
 "nlst_auc": 0.5724576271186441,
 "test_auc": 0.5921966436555847,
 "train_auc": 0.5988714977376641,
 "val_auc": 0.6071956699157957
}