{
 "train_auc": 0.7608611403863271,
 "val_auc": 0.7720248285337317
}