{
 "train_auc": 0.7485885126693449,
 "val_auc": 0.751998867096622
}