{
 "train_auc": 0.7754389470431152,
 "val_auc": 0.7892944405255085
}