{
 "train_auc": 0.7893746194261851,
 "val_auc": 0.7854969296619008
}