{
 "test_auc": 0.964185393258427,
 "train_auc": 0.9628865979381444,
 "val_auc": 0.9744027303754266
}