{
 "train_auc": 0.8260531602705823,
 "val_auc": 0.8418512527501285
}