{
 "train_auc": 0.7857271176546722,
 "val_auc": 0.8013850456754098
}