{
 "train_auc": 0.7914448978199135,
 "val_auc": 0.7927701793536519
}