{
 "train_auc": 0.7132205171279824,
 "val_auc": 0.7219558883435929
}