{
 "train_auc": 0.6586313610202038,
 "val_auc": 0.6586430993686552
}