{
 "train_auc": 0.826982923524331,
 "val_auc": 0.8443604436105172
}