{
 "train_auc": 0.7753352763272239,
 "val_auc": 0.7899116729588659
}