{
 "train_auc": 0.7841615801749118,
 "val_auc": 0.8031224600890611
}