{
 "train_auc": 0.7542085849901345,
 "val_auc": 0.7647397663344845
}