{
 "train_auc": 0.7890881484240249,
 "val_auc": 0.7999433688106554
}