{
 "train_auc": 0.7732332147356908,
 "val_auc": 0.7876153558174952
}