{
 "test_auc": 0.8458651059568856,
 "train_auc": 0.8301208956367162,
 "val_auc": 0.838348080369038
}