{
 "train_auc": 0.7879245440167799,
 "val_auc": 0.7851391050788645
}