{
 "train_auc": 0.7964145898872399,
 "val_auc": 0.8119883307037785
}