{
 "test_auc": 0.7259661043875105,
 "train_auc": 0.7214035198934998,
 "val_auc": 0.7323354305466203
}