{
 "train_auc": 0.774007549043691,
 "val_auc": 0.7861524300246235
}