{
 "test_auc": 0.572724406188922,
 "train_auc": 0.5662350663380799,
 "val_auc": 0.579132895549496
}