{
 "train_auc": 0.8002734454860259,
 "val_auc": 0.8154925515517171
}