{
 "train_auc": 0.7859183445987887,
 "val_auc": 0.8028962358921796
}