{
 "train_auc": 0.7955986097230326,
 "val_auc": 0.7921662087980919
}