{
 "train_auc": 0.8192558555274689,
 "val_auc": 0.8341606086252196
}