{
 "train_auc": 0.8015713337084083,
 "val_auc": 0.8139294971748711
}