{
 "train_auc": 0.79610605487534,
 "val_auc": 0.7986613118591908
}