{
 "train_auc": 0.7671607153894308,
 "val_auc": 0.7810397212364304
}