{
 "train_auc": 0.7793718570634611,
 "val_auc": 0.7766338899897731
}