{
 "train_auc": 0.7239731805563259,
 "val_auc": 0.7322163247126992
}