{
 "train_auc": 0.9596391208454507,
 "val_auc": 0.9665460789996003
}