{
 "train_auc": 0.7962089326188797,
 "val_auc": 0.7946595178627776
}