{
 "train_auc": 0.34220443275196716,
 "val_auc": 0.32649914682757697
}