{
 "train_auc": 0.7914160241527137,
 "val_auc": 0.808747414830242
}