{
 "train_auc": 0.7947411005544242,
 "val_auc": 0.8033316292252165
}