{
 "train_auc": 0.7907810803743355,
 "val_auc": 0.8079826631113854
}