{
 "train_auc": 0.7787704599422596,
 "val_auc": 0.7861684366185016
}