{
 "nlst_auc": 0.5739406779661017,
 "test_auc": 0.6002772883510008,
 "train_auc": 0.6061494055590334,
 "val_auc": 0.615066650338543
}