{
 "train_auc": 0.7791703511176971,
 "val_auc": 0.7893303330406014
}