{
 "train_auc": 0.7866611007657341,
 "val_auc": 0.8056141066041949
}