{
 "test_auc": 0.7635475337704476,
 "train_auc": 0.7487439479543887,
 "val_auc": 0.7607575494505894
}