{
 "train_auc": 0.7718697006653924,
 "val_auc": 0.7688082876374249
}