{
 "train_auc": 0.7507421465380846,
 "val_auc": 0.7539774987830794
}