{
 "train_auc": 0.8016052383706955,
 "val_auc": 0.814671671907603
}