{
 "train_auc": 0.7315116143806906,
 "val_auc": 0.7379776500418969
}