{
 "train_auc": 0.7847182077751379,
 "val_auc": 0.7880233236007519
}