{
 "train_auc": 0.7445137744954319,
 "val_auc": 0.7555608584678797
}