{
 "train_auc": 0.7704306800742754,
 "val_auc": 0.7789218182036771
}