{
 "train_auc": 0.7453340002202645,
 "val_auc": 0.7466470504937643
}