{
 "train_auc": 0.7740747756238253,
 "val_auc": 0.7637085151199591
}