{
 "train_auc": 0.6619271160698486,
 "val_auc": 0.6670474348769282
}