{
 "train_auc": 0.8931343269410388,
 "val_auc": 0.8960648287813144
}