{
 "test_auc": 0.998856955797541,
 "train_auc": 0.9995065070220898,
 "val_auc": 0.9994698252639131
}