{
 "train_auc": 0.8034455663993652,
 "val_auc": 0.7997378401246901
}