{
 "train_auc": 0.6234279547057379,
 "val_auc": 0.6136730282043175
}