{
 "train_auc": 0.7320799596398224,
 "val_auc": 0.7330280127974466
}