{
 "train_auc": 0.7793506116997613,
 "val_auc": 0.7820755281001437
}