{
 "train_auc": 0.7752686415097526,
 "val_auc": 0.7755363919544449
}