{
 "train_auc": 0.652089612272875,
 "val_auc": 0.6638164794384467
}