{
 "train_auc": 0.7753203987869435,
 "val_auc": 0.7720479969545443
}