{
 "train_auc": 0.7825790691844668,
 "val_auc": 0.7801895529910887
}