{
 "train_auc": 0.7577325736744931,
 "val_auc": 0.7638921158368541
}