{
 "train_auc": 0.7857870704797525,
 "val_auc": 0.8004151439433145
}