{
 "train_auc": 0.85453637978901,
 "val_auc": 0.8499924254857592
}