{
 "train_auc": 0.7732788280756806,
 "val_auc": 0.7866532826378645
}