{
 "train_auc": 0.6836261781183388,
 "val_auc": 0.6931470948661191
}