{
 "train_auc": 0.7704881140861775,
 "val_auc": 0.7848911593554976
}