{
 "train_auc": 0.7461691630281755,
 "val_auc": 0.7563300836452872
}