{
 "train_auc": 0.7273253405389984,
 "val_auc": 0.7396197937679689
}