{
 "train_auc": 0.790200793693953,
 "val_auc": 0.7966508566271098
}