{
 "train_auc": 0.7103051282254464,
 "val_auc": 0.7223350838535826
}