{
 "train_auc": 0.6936900665890103,
 "val_auc": 0.6991699777249722
}