{
 "train_auc": 0.7945664529796006,
 "val_auc": 0.8073098269861947
}