{
 "train_auc": 0.785072737598094,
 "val_auc": 0.8032593549105015
}