{
 "train_auc": 0.779191087410408,
 "val_auc": 0.7787213258989836
}