{
 "train_auc": 0.7070142290757043,
 "val_auc": 0.7149802287111602
}