{
 "train_auc": 0.8201418776463254,
 "val_auc": 0.8392759036316375
}