{
 "train_auc": 0.983976108617436,
 "val_auc": 0.9844148964028161
}