{
 "train_auc": 0.756008710191209,
 "val_auc": 0.7635998382285552
}