{
 "test_auc": 0.7010642625381512,
 "train_auc": 0.6892726979775008,
 "val_auc": 0.6936926471159752
}