{
 "train_auc": 0.7729459067567771,
 "val_auc": 0.7758945597415701
}