{
 "train_auc": 0.5075486203173648,
 "val_auc": 0.5204719866183353
}