{
 "test_auc": 0.9402362727824153,
 "train_auc": 0.9451188094804156,
 "val_auc": 0.9466629536960693
}