{
 "train_auc": 0.7661051382626635,
 "val_auc": 0.7796695847595979
}