{
 "train_auc": 0.7922628760571124,
 "val_auc": 0.7906672306196254
}