{
 "train_auc": 0.8044955342308718,
 "val_auc": 0.8158547968476655
}