{
 "test_auc": 0.6816424520762928,
 "train_auc": 0.6701553391390709,
 "val_auc": 0.6828365417816835
}