{
 "train_auc": 0.7621171808098978,
 "val_auc": 0.7745611746854809
}