{
 "train_auc": 0.7762988745110159,
 "val_auc": 0.7884283370113551
}