{
 "train_auc": 0.7528174246475905,
 "val_auc": 0.7499456536325304
}