{
 "train_auc": 0.7999209305193419,
 "val_auc": 0.7968587010233179
}