{
 "train_auc": 0.8024605127961308,
 "val_auc": 0.8138017240150073
}