{
 "train_auc": 0.7897311996471974,
 "val_auc": 0.7930678059395038
}