{
 "nlst_auc": 0.5752118644067797,
 "test_auc": 0.5786912086113438,
 "train_auc": 0.5921060331597952,
 "val_auc": 0.5980150146044443
}