{
 "train_auc": 0.8115254519795627,
 "val_auc": 0.8076534305891352
}