{
 "train_auc": 0.80625209791041,
 "val_auc": 0.8239244617380896
}