{
 "train_auc": 0.789726010391161,
 "val_auc": 0.8093929209195977
}