{
 "train_auc": 0.7453870311191391,
 "val_auc": 0.7543297426635149
}