{
 "train_auc": 0.8287938445446406,
 "val_auc": 0.8471077063431685
}