{
 "train_auc": 0.7810282189882557,
 "val_auc": 0.7753589211201001
}