{
 "train_auc": 0.7537741531098204,
 "val_auc": 0.7649726657702974
}