{
 "train_auc": 0.6817618083895285,
 "val_auc": 0.6889819554661609
}