{
 "train_auc": 0.7742694464474855,
 "val_auc": 0.783571349287364
}