{
 "train_auc": 0.7615101994078582,
 "val_auc": 0.7538605483536465
}