{
 "train_auc": 0.8072248335274909,
 "val_auc": 0.8034929047016284
}