{
 "train_auc": 0.8004983890266805,
 "val_auc": 0.8125527204080017
}