{
 "train_auc": 0.7356682752627506,
 "val_auc": 0.7305973171550704
}