{
 "train_auc": 0.7202635075847024,
 "val_auc": 0.7274882984109997
}