{
 "train_auc": 0.7200917803117348,
 "val_auc": 0.7261113818485505
}