{
 "train_auc": 0.8465833147706147,
 "val_auc": 0.8389286239142825
}