{
 "train_auc": 0.8275690505056909,
 "val_auc": 0.8448402220401152
}