{
 "train_auc": 0.7481313459643784,
 "val_auc": 0.7531216352951406
}