{
 "train_auc": 0.7677622109347555,
 "val_auc": 0.776160995299793
}