{
 "train_auc": 0.6953679279222168,
 "val_auc": 0.7046343422939504
}