{
 "nlst_auc": 0.5745762711864407,
 "test_auc": 0.5764045425223613,
 "train_auc": 0.5901338531555161,
 "val_auc": 0.5963239074765752
}