{
 "train_auc": 0.7712893248915055,
 "val_auc": 0.7858841972560365
}