{
 "train_auc": 0.7389044240354365,
 "val_auc": 0.7511038957952565
}