{
 "train_auc": 0.8289998526113933,
 "val_auc": 0.8456508616580147
}