{
 "train_auc": 0.7189798806627733,
 "val_auc": 0.7272911866435948
}