{
 "train_auc": 0.7917042067715747,
 "val_auc": 0.7939443835028384
}