{
 "train_auc": 0.7895294342772199,
 "val_auc": 0.7926302893670363
}