{
 "train_auc": 0.7784752579960961,
 "val_auc": 0.7933241180087183
}