{
 "train_auc": 0.7853422866314288,
 "val_auc": 0.7822613387938477
}