{
 "train_auc": 0.7941695285941821,
 "val_auc": 0.8052548319643152
}