{
 "train_auc": 0.7615891999183054,
 "val_auc": 0.7585377679969189
}