{
 "train_auc": 0.6478243457024594,
 "val_auc": 0.6580164821704446
}