{
 "train_auc": 0.8156667852108033,
 "val_auc": 0.8181412327382929
}