{
 "train_auc": 0.7399921202564245,
 "val_auc": 0.7476980560865458
}