{
 "test_auc": 0.5747776879158122,
 "train_auc": 0.5831334078200485,
 "val_auc": 0.5849755120083006
}