{
 "train_auc": 0.7815203912586123,
 "val_auc": 0.788168121405838
}