{
 "train_auc": 0.9686928849338732,
 "val_auc": 0.9743456238811111
}