{
 "train_auc": 0.7876742975929167,
 "val_auc": 0.8045901738805379
}