{
 "train_auc": 0.7070530149950738,
 "val_auc": 0.7082705651180392
}