{
 "train_auc": 0.8048305279311975,
 "val_auc": 0.8210483074809367
}