{
 "train_auc": 0.7134868266810358,
 "val_auc": 0.7220710799012819
}