{
 "train_auc": 0.7898125506455027,
 "val_auc": 0.78707093225419
}