{
 "test_auc": 0.5149181614241838,
 "train_auc": 0.5122352089722154,
 "val_auc": 0.5155562424178372
}