{
 "train_auc": 0.6461930177949291,
 "val_auc": 0.647418143397273
}