{
 "train_auc": 0.7932024142148123,
 "val_auc": 0.8076036423458706
}