{
 "train_auc": 0.7309665109598573,
 "val_auc": 0.7296250200173786
}