{
 "nlst_auc": 0.5752118644067797,
 "test_auc": 0.599787701106265,
 "train_auc": 0.606866024813057,
 "val_auc": 0.6170681735511796
}