{
 "train_auc": 0.7841544865039052,
 "val_auc": 0.7968393477585596
}