{
 "train_auc": 0.7649092492954138,
 "val_auc": 0.7760321037752915
}