{
 "train_auc": 0.7940734143178259,
 "val_auc": 0.81409459575452
}