{
 "nlst_auc": 0.5752118644067797,
 "test_auc": 0.576091630320711,
 "train_auc": 0.5887481382283256,
 "val_auc": 0.5958697815358558
}