{
 "test_auc": 0.973314606741573,
 "train_auc": 0.9818556701030927,
 "val_auc": 0.9795221843003412
}