{
 "train_auc": 0.40302618709900656,
 "val_auc": 0.3932917273728972
}