{
 "train_auc": 0.7539149087009464,
 "val_auc": 0.7650492038501939
}