{
 "test_auc": 0.6471869433773335,
 "train_auc": 0.6448146944856059,
 "val_auc": 0.6484266986071607
}