{
 "train_auc": 0.5695290041231831,
 "val_auc": 0.5588818282801424
}