{
 "train_auc": 0.8062424607731716,
 "val_auc": 0.8049480900383572
}