{
 "train_auc": 0.7833711989983916,
 "val_auc": 0.7955154836186141
}