{
 "train_auc": 0.7926029070949917,
 "val_auc": 0.8037972883012628
}