{
 "train_auc": 0.7906488194383913,
 "val_auc": 0.8031065932907628
}