{
 "train_auc": 0.78869936932793,
 "val_auc": 0.7854578387161806
}