{
 "train_auc": 0.7382861230193005,
 "val_auc": 0.74698279200291
}