{
 "test_auc": 0.6582254026939333,
 "train_auc": 0.6444615957590116,
 "val_auc": 0.652228788886587
}