{
 "train_auc": 0.805086703064785,
 "val_auc": 0.8161559864241716
}