{
 "train_auc": 0.8004644463286237,
 "val_auc": 0.8203049444857774
}