{
 "train_auc": 0.2575419658681796,
 "val_auc": 0.22985713450934964
}