{
 "test_auc": 0.9303412668611536,
 "train_auc": 0.9249241952397178,
 "val_auc": 0.9349485734000886
}