,Sensitivity,Specificity,PPV
NLST,0.6666666666666666,0.8029895687708356,0.07537012113055182
Model,0.0,1.0,0.0
